-- Додавання користувача
INSERT INTO Users (id_user, username, password, profile_image)
VALUES (1, 'Sashka', 'Sashka123', NULL),
       (2, 'Dashka', 'Dashka67', NULL),
       (3, 'Mashka', 'Mashka111', NULL);

-- Додавання категорії
INSERT INTO Category (id_category, name)
VALUES (1, 'Саморозвиток'),
       (2, 'Спорт'),
       (3, 'Карєра');

-- Додавання цілей
INSERT INTO Goals (id_goal, id_user, name_goal, description, id_category, start_date, end_date, status)
VALUES (1, 1, 'Прочитати 10 книг цього року', 'Поставив собі за мету прочитати щонайменше 10 книг у цьому році', 1, '2024-05-15', '2024-12-31', 'Активна'),
       (2, 2, 'Почати щоденні ранкові пробіжки', 'Розпочати кожен день з короткої пробіжки для здорового способу життя', 2, '2024-06-01', '2024-12-31', 'Активна'),
       (3, 1, 'Підвищити кваліфікацію на курсах PM', 'Закінчити курси управління проектами та отримати сертифікат', 3, '2024-06-20', '2024-12-31', 'Активна');

-- Додавання кроків для цілей
INSERT INTO Steps (id_step, id_goal, goal_name, description)
VALUES (1, 1, 'Прочитати 10 книг цього року','Придбати список книг'),
       (2, 1, 'Прочитати 10 книг цього року','Визначити графік читання'),
       (3, 2, 'Почати щоденні ранкові пробіжки','Підготувати трасу пробіжки'),
       (4, 2,'Почати щоденні ранкові пробіжки', 'Розпочати пробіжку вранці'),
       (5, 3,'Підвищити кваліфікацію на курсах PM', 'Зареєструватися на курси'),
       (6, 3, 'Підвищити кваліфікацію на курсах PM','Вивчити основні теми');

-- Додавання порад
INSERT INTO Tips (id_tip, tip_text)
VALUES (1, 'Поставте перед собою малі та досяжні цілі, щоб збільшити свою продуктивність.'),
       (2, 'Регулярно переривайте роботу, щоб зберігати свою концентрацію.'),
       (3, 'Не забувайте про фізичну активність - вона сприяє загальному самопочуттю та ефективності.'),
       (4, 'Спробуйте використовувати техніки управління часом, такі як техніка "Помідора".'),
       (5, 'Перевіряйте свої електронні повідомлення тільки в певні години, щоб уникнути розірвання уваги.'),
       (6, 'Ставте конкретні строки для завершення завдань, щоб підтримувати ефективність.'),
       (7, 'Створіть зручне робоче середовище, що сприяє продуктивності та концентрації.'),
       (8, 'Вчіться відпускати завдання, які вимагають багато часу, та повертайтесь до них пізніше.'),
       (9, 'Плануйте свій день заздалегідь, розподіляючи час між різними видами діяльності.'),
       (10, 'Не забувайте про перерви на відпочинок, оскільки вони допомагають зберігати ефективність протягом дня.'),
       (11, 'Регулярно оцінюйте свій прогрес та вносьте корективи в плани, якщо потрібно.'),
       (12, 'Працюйте над підвищенням своєї ефективності, але не забувайте про здоровий баланс між роботою та відпочинком.');